<?xml version="1.0" encoding="UTF-8" standalone="yes"?>
<addon id="plugin.video.DesiCast"
       name="AGK Fire TV"
       version="1.0.10"
       provider-name="AGK">
    <requires>
    	    
    	<import addon="script.module.mechanize" version="0.2.6"/>
    </requires>
    <extension point="xbmc.python.pluginsource"
               library="default.py">
        <provides>video</provides>
    </extension>
    <extension point="xbmc.addon.metadata">
	<language />
        <platform>all</platform>
        <license>GNU GENERAL PUBLIC LICENSE</license>
        <summary lang="en">AGK Fire TV</summary>
        <description lang="en">Watch full live and recorded streaming of India TV Channels and movies and sports.</description>
	<forum></forum>
	<source></source>
	<email>agk4444@gmail.com</email>
    </extension>
</addon>
